	Downloaded studies			
	Authors	Title	Year	Publisher
1	PH Vilela, JJPC Rodrigues, P Solic, K Saleem…	Performance evaluation of a Fog-assisted IoT solution for e-Health applications	2019	Elsevier
2	T Umer, MH Rehmani, AE Kamal, L Mihaylova	Information and resource management systems for Internet of Things: Energy management, communication protocols and future applications	2019	Elsevier
3	P Asghari, AM Rahmani, HHS Javadi	Internet of Things applications: A systematic review	2019	Elsevier
4	F Terroso-Saenz, A González-Vidal…	An open IoT platform for the management and analysis of energy data	2019	Elsevier
5	CTA Lai, W Jiang, PR Jackson	Internet of Things enabling condition-based maintenance in elevators service	2019	emeraldinsight.com
6	O Alrawi, C Lever, M Antonakakis…	Sok: Security evaluation of home-based iot deployments	2019	ieeexplore.ieee.org
7	JY Yu, YG Kim	Analysis of IoT Platform Security: A Survey	2019	ieeexplore.ieee.org
8	S Liu, L Guo, H Webb, X Ya, X Chang	Internet of Things Monitoring System of Modern Eco-Agriculture Based on Cloud Computing	2019	ieeexplore.ieee.org
9	S Lee, G Lee, G Choi, B Roh…	Integration of OneM2M-based IoT Service Platform and Mixed Reality Device	2019	ieeexplore.ieee.org
10	Y Uehara, S Ohtake	Factory Environment Monitoring: A Japanese Tea Manufacturer's Case	2019	ieeexplore.ieee.org
11	A López-Vargas, M Fuentes, M Vivar	IoT Application for Real-Time Monitoring of Solar Home Systems Based on Arduino™ With 3G Connectivity	2019	ieeexplore.ieee.org
12	C Kamienski, JP Soininen, M Taumberger, R Dantas…	Smart Water Management Platform: IoT-Based Precision Irrigation for Agriculture	2019	mdpi.com
13	H Hassani, X Huang, E Silva	Big Data and Climate Change	2019	mdpi.com
14	JM Paredes-Parra, AJ García-Sánchez, A Mateo-Aroca…	An Alternative Internet-of-Things Solution Based on LoRa for PV Power Plants: Data Monitoring and Management	2019	mdpi.com
15	P Sotres, J Lanza, L Sánchez, JR Santana, C López…	Breaking Vendors and City Locks through a Semantic-enabled Global Interoperable Internet-of-Things System: A Smart Parking Case	2019	mdpi.com
16	M Wydra, P Kubaczynski, K Mazur, B Ksiezopolski	Time-Aware Monitoring of Overhead Transmission Line Sag and Temperature with LoRa Communication	2019	mdpi.com
17	Y Goyal, S Buragohain, K Srihari, AK Singh	Fleet Tracking Using Internet of Things	2019	Springer
18	KN Sharma, N Rai, M Tamang, J Basumataray…	IoT-Based Smart Home	2019	Springer
19	D Singh, A Nandgaonkar	IOT-Based Wi-Fi Surveillance Robot with Real-Time Audio and Video Streaming	2019	Springer
20	Z Nasroollah, I Moonsamy, Y Chuttur	A Cloud-Based Energy Monitoring System Using IoT and Machine Learning	2019	Springer
21	O Briante, F Cicirelli, A Guerrieri, A Iera…	A Social and Pervasive IoT Platform for Developing Smart Environments	2019	Springer
22	S Vitabile, M Marks, D Stojanovic, S Pllana…	Medical Data Processing and Analysis for Remote Health and Activities Monitoring	2019	Springer
23	R Singh, G Anita, S Capoor, G Rana, R Sharma…	Internet of Things Enabled Robot Based Smart Room Automation and Localization System	2019	Springer
24	S Kuila, N Dhanda, S Joardar, S Neogy	Analytical Survey on Standards of Internet of Things Framework and Platforms	2019	Springer
25	YH Lin	Novel smart home system architecture facilitated with distributed and embedded flexible edge analytics in demand‐side management	2019	Wiley Online Library
26	ALM Silva, JJ Pérez‐Alcázar…	Interoperability in semantic Web of Things: Design issues and solutions	2019	Wiley Online Library
27	C Pham, M Diop	Deploying low-cost, long-range innovative IoT with the WAZIUP IoT/gateway framework.	2018	dl.acm.org
28	S Hossain, A Abdelgawad	Smart Refrigerator Based on Internet of Things (IoT): An Approach to Efficient Food Management	2018	dl.acm.org
29	MH Mofrad, D Mosse	Speech recognition and voice separation for the internet of things	2018	dl.acm.org
30	G Kaur, PS Pandey	Emotion Recognition System using IOT and Machine Learning-A Healthcare Application	2018	dl.acm.org
31	CT Lee, YH Liang, PH Chou, AH Gorji…	EcoMicro: A Miniature Self-Powered Inertial Sensor Node Based on Bluetooth Low Energy	2018	dl.acm.org
32	I Zyrianoff, A Heideker, D Silva…	Scalability of an Internet of Things Platform for Smart Water Management for Agriculture	2018	dl.acm.org
33	Y Li, P Lin, H Zhou, Z Chen, L Wu, S Cheng, F Su	On-line Monitoring System Based on Open Source Platform for Photovoltaic Array	2018	Elsevier
34	I Thomas, S Kikuchi, E Baccelli, K Schleiser, J Doerr…	Design and implementation of a platform for hyperconnected cyber physical systems	2018	Elsevier
35	BSS Tejesh, S Neeraja	Warehouse inventory management system using IoT and open source framework	2018	Elsevier
36	T Hasegawa	Toward the mobility-oriented heterogeneous transport system based on new ICT environments–Understanding from a viewpoint of the systems innovation …	2018	Elsevier
37	C Tong, X Yin, J Li, T Zhu, R Lv, L Sun…	An innovative deep architecture for aircraft hard landing prediction based on time-series sensor data	2018	Elsevier
38	M Dimitris, V Ekaterini, V Zogopoulos	An IoT-based Platform for Automated Customized Shopping in Distributed Environments	2018	Elsevier
39	K Gunasekera, AN Borrero, F Vasuian…	Experiences in building an IoT infrastructure for agriculture education	2018	Elsevier
40	P Asghari, AM Rahmani, HHS Javadi	Service composition approaches in IoT: A systematic review	2018	Elsevier
41	MG Asinelli, MS Serra, JM Marimòn, JS Espaulella	The smARTS_Museum_V1: An open hardware device for remote monitoring of Cultural Heritage indoor environments	2018	Elsevier
42	A De Silva, WHP Sampath, NHL Sameera…	Development of a novel telecare system, integrated with plantar pressure measurement system	2018	Elsevier
43	I Zolotová, P Papcun, E Kajáti, M Miškuf…	Smart and cognitive solutions for Operator 4.0: Laboratory H-CPPS case studies	2018	Elsevier
44	A Singh, D Kumar, J Hoetzel	IoT Based information and communication system for enhancing underground mines safety and productivity: Genesis, taxonomy and open issues	2018	Elsevier
45	R Sanchez-Iborra, J Sanchez-Gomez…	Evolving IoT networks by the confluence of MEC and LP-WAN paradigms	2018	Elsevier
46	S Paiho, H Saastamoinen	How to develop district heating in Finland?	2018	Elsevier
47	MAA da Cruz, JJPC Rodrigues, AK Sangaiah…	Performance evaluation of IoT middleware	2018	Elsevier
48	BC Chifor, I Bica, VV Patriciu, F Pop	A security authorization scheme for smart home Internet of Things devices	2018	Elsevier
49	A Farahzadi, P Shams, J Rezazadeh…	Middleware technologies for cloud of things: a survey	2018	Elsevier
50	M Ammar, G Russello, B Crispo	Internet of Things: A survey on the security of IoT frameworks	2018	Elsevier
51	HS Kang, SD Noh, JY Son, H Kim…	The FaaS system using additive manufacturing for personalized production	2018	emeraldinsight.com
52	P Brous, M Janssen, P Herder	Internet of Things adoption for reconfiguring decision-making processes in asset management	2018	emeraldinsight.com
53	AA Zaharov, OV Nissenbaum…	Use of Open-Source Internet of Things Platform in Education Projects	2018	ieeexplore.ieee.org
54	S Uday, C Jyotsna, J Amudha	Detection of Stress using Wearable Sensors in IoT Platform	2018	ieeexplore.ieee.org
55	N Sahni, J Bose, K Das	Web APIs for Internet of Things	2018	ieeexplore.ieee.org
56	AH bin Alaudin, MMM Zan, AR Mahmud…	Real-Time Residential Energy Monitoring Device using Internet of Things	2018	ieeexplore.ieee.org
57	S Gutiérrez, E Barrientos, J Alvarez…	An Integrated Architecture for Monitoring and Control the Temperature of Different Platforms Based on Internet of Things	2018	ieeexplore.ieee.org
58	E Al-Masri	Integrating Hardware Prototyping Platforms into the Classroom	2018	ieeexplore.ieee.org
59	MA Akbar, MM Rashid…	Technology Based Learning System in Internet of Things (IoT) Education	2018	ieeexplore.ieee.org
60	C Pham, M Diop	WAZIUP, an Open and Versatile Long-range IoT Framework to Fully Take Advantage of the Cloudification of the IoT	2018	ieeexplore.ieee.org
61	M Subhedar, V Jadhav, S Tekade…	A Real Time Healthcare Monitoring System Based on Open Source IoT and ANFIS	2018	ieeexplore.ieee.org
62	C Um, J Lee, J Jeong	Industrial Device Monitoring and Control System based on oneM2M for Edge Computing	2018	ieeexplore.ieee.org
63	RK Kodali, S Yadavilli	Mongoose RTOS based IoT Implementation of Surveillance System	2018	ieeexplore.ieee.org
64	Y Bandung	Design of Secure IoT Platform for Smart Home System	2018	ieeexplore.ieee.org
65	AÓ LÓpez-Vargas, M Fuentes…	On the application of IoT for real-time monitoring of small stand-alone PV systems: Results from a new smart datalogger	2018	ieeexplore.ieee.org
66	D Kim, S Park, S Lee, B Roh	IoT Platform Based Smart Parking Navigation System with Shortest Route and Anti-Collision	2018	ieeexplore.ieee.org
67	SMS Zabir, P Yoosook, C Khamsaeng…	DHEA: A dynamic hierarchical edge architecture for a participatory approach toward IoT evolution	2018	ieeexplore.ieee.org
68	A Saokaew, O Chieochan…	A smart photovoltaic system with Internet of Thing: A case study of the smart agricultural greenhouse	2018	ieeexplore.ieee.org
69	C Keshava, CK Srinivasan	Survey on Optimization in IoT	2018	ieeexplore.ieee.org
70	SR Enigella, H Shahnasser	Real Time Air Quality Monitoring	2018	ieeexplore.ieee.org
71	S Forsstrom, U Jennehag, P Österberg…	Surveying and Identifying the Communication Platforms of the Internet of Things	2018	ieeexplore.ieee.org
72	MR Ma'arif, A Priyanto, CB Setiawan…	The Design of Cost Efficient Health Monitoring System based on Internet of Things and Big Data	2018	ieeexplore.ieee.org
73	KS Murthy, P Herur, BR Adithya…	IoT-Based Light Intensity Controller	2018	ieeexplore.ieee.org
74	MY Thu, W Htun, YL Aung, PEE Shwe…	Smart Air Quality Monitoring System with LoRaWAN	2018	ieeexplore.ieee.org
75	C Um, J Lee, J Jeong	Virtualized oneM2M System Architecture in Smart Factory Environments	2018	ieeexplore.ieee.org
76	RG Baldovino, IC Valenzuela…	Implementation of a Low-power Wireless Sensor Network for Smart Farm Applications	2018	ieeexplore.ieee.org
77	M Ghosal, A Bobade, P Verma	Digitized City with IoT	2018	ieeexplore.ieee.org
78	Y Yamato, T Demizu, H Noguchi…	Proposal of Automatic GPU Offloading Technology on Open IoT Environment	2018	ieeexplore.ieee.org
79	AC Onal, OB Sezer, M Ozbayoglu…	MIS-IoT: Modular Intelligent Server Based Internet of Things Framework with Big Data and Machine Learning	2018	ieeexplore.ieee.org
80	A Kazmi, E Tragos, M Serrano	Underpinning IoT for Road Traffic Noise Management in Smart Cities	2018	ieeexplore.ieee.org
81	S Meiling, D Purnomo, JA Shiraishi…	MONICA in Hamburg: Towards Large-Scale IoT Deployments in a Smart City	2018	ieeexplore.ieee.org
82	H Silva, F Barbalho, A Neto	Cross-layer Multiuser Session Control for Improved SDN Cloud Communications	2018	ieeexplore.ieee.org
83	E Ariawan, AS Makalew	Smart Micro Farm: Sustainable Algae Spirulina Growth Monitoring System	2018	ieeexplore.ieee.org
84	SS Chaudhari, VY Bhole	Solid Waste Collection as a Service using IoT-Solution for Smart Cities	2018	ieeexplore.ieee.org
85	RKM Math, NV Dharwadkar	IoT Based Low-cost Weather Station and Monitoring System for Precision Agriculture in India	2018	ieeexplore.ieee.org
86	O Rudrawar, S Daga, JR Chadha…	Smart street lighting system with light intensity control using power electronics	2018	ieeexplore.ieee.org
87	O Elijah, TA Rahman, HC Yeen…	Application of UAV and Low Power Wide Area Communication Technology for Monitoring of River Water Quality	2018	ieeexplore.ieee.org
88	HM Nguyen, J Byun, K Kwon, J Han…	Oliot-OpenCity: Open Standard Interoperable Smart City Platform	2018	ieeexplore.ieee.org
89	BK Barman, SN Yadav, S Kumar…	IOT Based Smart Energy Meter for Efficient Energy Utilization in Smart Grid	2018	ieeexplore.ieee.org
90	C Badii, EG Belay, P Bellini, M Marazzini…	Snap4City: A Scalable IOT/IOE Platform for Developing Smart City Applications	2018	ieeexplore.ieee.org
91	SM Fati, A Muneer, D Mungur…	Integrated Health Monitoring System using GSM and IoT	2018	ieeexplore.ieee.org
92	RK Kodali, S Sahu	IoT based Safety System for Coal Mines	2018	ieeexplore.ieee.org
93	RK Kodali, A Valdas	MQTT Implementation of IoT based Fire Alarm Network	2018	ieeexplore.ieee.org
94	S Dyaneshwar, K Monica, G Jaiyashri…	Cloud Assisted Recovery Scheme for Compressively Sensed Medical Sensor Data	2018	ieeexplore.ieee.org
95	M Santiputri, M Tio	IoT-based Gas Leak Detection Device	2018	ieeexplore.ieee.org
96	V Tanyingyong, R Olsson, M Hidell…	Implementation and Deployment of an Outdoor IoT-Based Air Quality Monitoring Testbed	2018	ieeexplore.ieee.org
97	H Noguchi, T Demizu, M Kataoka, Y Yamato	Distributed Search Architecture for Object Tracking in the Internet of Things	2018	ieeexplore.ieee.org
98	SD Nagowah, HB Sta…	An Overview of Semantic Interoperability Ontologies and Frameworks for IoT	2018	ieeexplore.ieee.org
99	AC Pratama, R Sarno	Android Application for Controlling Air Conditioner Using Fuzzy Logic	2018	ieeexplore.ieee.org
100	NI Jaya, MF Hossain	A Prototype Air Flow Control System for Home Automation Using MQTT Over Websocket in AWS IoT Core	2018	ieeexplore.ieee.org
101	K Narang, J Bapat	Hardware Agnostic Universal Shareable IoT Platform	2018	ieeexplore.ieee.org
102	P Gallo, UQ Nguyen, G Barone…	DeCyMo: Decentralized Cyber-Physical System for Monitoring and Controlling Industries and Homes	2018	ieeexplore.ieee.org
103	SL Kumar, M Swathy, M Vidya, K Poojaa…	Wireless Bio signal Acquisition Electrode module for EMG	2018	ieeexplore.ieee.org
104	D Awasthi, S Azeemuddin, S Purini…	Flow Sensor IoT Node for Wi-Fi Equipped Apartments and Gated Communities	2018	ieeexplore.ieee.org
105	B Péceli, G Singler, Z Theisz, C Hegedűs…	Integrated Infrastructure for Electro Mobility Powered by the Arrowhead Framework	2018	ieeexplore.ieee.org
106	J Hu, K Yang, ST Marin, H Sharif	Guest Editorial Special Issue on Internet-of-Things for Smart Cities	2018	ieeexplore.ieee.org
107	G Kalra, HM Nguyen, W Yoon, D Lee…	Location Digest: A placeness service to discover community experience using social media	2018	ieeexplore.ieee.org
108	Y Uehara, S Ohtake, T Fukura	A mash temperature monitoring system for sake brewing	2018	ieeexplore.ieee.org
109	R Narayanamoorthi, AV Juliet	IoT-Enabled Home Cage With Three-Dimensional Resonant Wireless Power and Data Transfer Scheme for Freely Moving Animal	2018	ieeexplore.ieee.org
110	V Fernoaga, GA Stelea, D Robu…	Communication Solutions for Power Measurement in the Cloud	2018	ieeexplore.ieee.org
111	D Casado-Mansilla, I Moschos…	A human-centric & context-aware IoT framework for enhancing energy efficiency in buildings of public use	2018	ieeexplore.ieee.org
112	CS Choi, JD Jeong, IW Lee…	LoRa based renewable energy monitoring system with open IoT platform	2018	ieeexplore.ieee.org
113	JH Jeon, KH Kim, JH Kim	Block chain based data security enhanced IoT server platform	2018	ieeexplore.ieee.org
114	A Mavromatis, AP Da Silva, K Kondepu…	A Software Defined Device Provisioning Framework Facilitating Scalability in Internet of Things	2018	ieeexplore.ieee.org
115	P Sotres, CL de la Torre, L Sánchez…	Smart City Services Over a Global Interoperable Internet-of-Things System: The Smart Parking Case	2018	ieeexplore.ieee.org
116	A Karpenko, T Kinnunen, K Främling…	Open IoT Ecosystem for Smart EV Charging	2018	ieeexplore.ieee.org
117	M Saravanan, AM Marks	MEDIBOX—IoT enabled patient assisting device	2018	ieeexplore.ieee.org
118	SS Saha, S Rahman, MJ Rasna, TB Zahid…	Feature Extraction, Performance Analysis and System Design using the DU Mobility Dataset	2018	ieeexplore.ieee.org
119	M Uddin, S Mukherjee, H Chang…	SDN-based Multi-Protocol Edge Switching for IoT Service Automation	2018	ieeexplore.ieee.org
120	S Kianoush, M Raja, S Savazzi…	A cloud-IoT platform for passive radio sensing: Challenges and application case studies	2018	ieeexplore.ieee.org
121	Y Yamato, T Demizu, H Noguchi…	Automatic GPU offloading technology for open IoT environment	2018	ieeexplore.ieee.org
122	SS Saha, S Rahman, MJ Rasna…	DU-MD: An open-source human action dataset for ubiquitous wearable sensors	2018	ieeexplore.ieee.org
123	P Sundaravadivel, K Kesavan…	Smart-Log: A deep-learning based automated nutrition monitoring system in the IoT	2018	ieeexplore.ieee.org
124	J Rafferty, J Synnott, CD Nugent, A Ennis…	A Scalable, Research Oriented, Generic, Sensor Data Platform	2018	ieeexplore.ieee.org
125	MHY Moghaddam…	A fog-based internet of energy architecture for transactive energy management systems	2018	ieeexplore.ieee.org
126	F Cicirelli, A Guerrieri, G Spezzano…	Edge computing and social internet of things for large-scale smart environments development	2018	ieeexplore.ieee.org
127	F Montori, L Bedogni, L Bononi	A collaborative internet of things architecture for smart cities and environmental monitoring	2018	ieeexplore.ieee.org
128	Y Zhang, S Kasahara, Y Shen…	Smart contract-based access control for the internet of things	2018	ieeexplore.ieee.org
129	MAA da Cruz, JJPC Rodrigues…	A reference model for internet of things middleware	2018	ieeexplore.ieee.org
130	TCJ Jeaunita, V Sarasvathi, MS Harsha, BM Bhavani…	An automated greenhouse system using agricultural Internet of Things for better crop yield	2018	IET
131	B Sharma, D Koundal	Cattle health monitoring system using wireless sensor network: a survey from innovation perspective	2018	IET
132	K Menon, H Kärkkäinen, T Wuest…	Industrial internet platforms: A conceptual evaluation from a product lifecycle management perspective	2018	journals.sagepub.com
133	K Främling	Data Exchange Interoperability in IoT Ecosystem for Smart Parking and EV Charging	2018	mdpi.com
134	I Rodríguez-Rodríguez, A González Vidal…	Commissioning of the Controlled and Automatized Testing Facility for Human Behavior and Control (CASITA)	2018	mdpi.com
135	A Karpenko, T Kinnunen, M Madhikermi, J Robert…	Data Exchange Interoperability in IoT Ecosystem for Smart Parking and EV Charging	2018	mdpi.com
136	D Ibaseta, J Molleda, F Díez, JC Granda	Indoor Air Quality Monitoring Sensor for the Web of Things	2018	mdpi.com
137	B Chung, S Kim, J Lee	Dynamic Supply Chain Design and Operations Plan for Connected Smart Factories with Additive Manufacturing	2018	mdpi.com
138	J Blanco, A García, J Morenas	Design and Implementation of a Wireless Sensor and Actuator Network to Support the Intelligent Control of Efficient Energy Usage	2018	mdpi.com
139	V Marinakis, H Doukas	An advanced IoT-based system for intelligent energy management in buildings	2018	mdpi.com
140	GNLR Teja, S Sukumar, S Kompella, R Sudha…	Real-Time System Monitoring and Control of Automation Industry Using IoT-Based Cloud Platform	2018	Springer
141	H Cadavid, W Garzón, A Pérez, G López…	Towards a Smart Farming Platform: From IoT-Based Crop Sensing to Data Analytics	2018	Springer
142	Y Yamato, H Noguchi, M Kataoka, T Isoda…	Proposal of Parallel Processing Area Extraction and Data Transfer Number Reduction for Automatic GPU Offloading of IoT Applications	2018	Springer
143	YA Naik, MR Suma, P Madhumathy	Air Quality Monitoring System Through Mobile Sensing in Metropolitan City	2018	Springer
144	SPL Narayan, E Kavinkartik, E Prabhu	IoT Based Food Inventory Tracking System	2018	Springer
145	C Jinbo, C Xiangliang, F Han-Chi, A Lam	Agricultural product monitoring system supported by cloud computing	2018	Springer
146	ABL Neto, JPB Andrade, TCJ Loureiro…	Fuzzy Logic Applied to eHealth Supported by a Multi-Agent System	2018	Springer
147	AV Radogna, S Capone, GA Di Lauro, N Fiore…	A Novel Tele-Medicine System to Improve Therapy Monitoring in Chronic Respiratory Diseases	2018	Springer
148	N Ferry, A Solberg, H Song, S Lavirotte, JY Tigli…	ENACT: Development, Operation, and Quality Assurance of Trustworthy Smart IoT Systems	2018	Springer
149	S Nastic, J Cubo, M Donato, S Dustdar…	SMART-FI: Exploiting Open IoT Data from Smart Cities in the Future Internet Society	2018	Springer
150	S Haller	Smart Cities and Regions: Die digitale Transformation in der Stadtentwicklung und E-Government	2018	Springer
151	LB Oliveira, FMQ Pereira, R Misoczki…	The computer for the 21st century: present security & privacy challenges	2018	Springer
152	I Andreev	Advanced open IoT platform for prevention and early detection of forest fires	2018	Springer
153	S Jo, J Han	Convergence P2P cloud computing	2018	Springer
154	HS Kim, ST Oh, JH Lim	Development of local area alert system against particulate matters and ultraviolet rays based on open IoT platform with P2P	2018	Springer
155	A Tiwari, S Sadistap, SK Mahajan	Development of Environment Monitoring System Using Internet of Things	2018	Springer
156	C Jinbo, Z Yu, A Lam	Research on Monitoring Platform of Agricultural Product Circulation Efficiency Supported by Cloud Computing	2018	Springer
157	P Plaza, E Sancristobal, G Carro, M Castro…	Wireless development boards to connect the world	2018	Springer
158	J Guth, U Breitenbücher, M Falkenthal, P Fremantle…	A detailed analysis of IoT platform architectures: concepts, similarities, and differences	2018	Springer
159	JM Ibrahim, A Karami, F Jafari	A Secure Smart Home using Internet-of-Things	2017	dl.acm.org
160	E Chindenga, MS Scott, C Gurajena	Semantics based service orchestration in IoT	2017	dl.acm.org
161	A Gyrard, M Serrano, P Patel	Building interoperable and cross-domain semantic web of things applications	2017	Elsevier
162	N Mogles, I Walker, AP Ramallo-González…	How smart do smart meters need to be?	2017	Elsevier
163	YN Malek, A Kharbouch, H El Khoukhi…	On the use of IoT and big data technologies for real-time monitoring and data processing	2017	Elsevier
164	D Meana-Llorián, CG García, BCP G-bustelo…	IoFClime: The fuzzy logic and the Internet of Things to control indoor temperature regarding the outdoor ambient conditions	2017	Elsevier
165	PP Jayaraman, X Yang, A Yavari…	Privacy preserving Internet of Things: From privacy techniques to a blueprint architecture and efficient implementation	2017	Elsevier
166	F Cicirelli, A Guerrieri, G Spezzano, A Vinci	An edge-based platform for dynamic smart city applications	2017	Elsevier
167	E Ahmed, I Yaqoob, IAT Hashem, I Khan, AIA Ahmed…	The role of big data analytics in Internet of Things	2017	Elsevier
168	JK Ahuluwalia, U Khanna	New technique for increasing security management using Internet of Things (IOT) application	2017	ieeexplore.ieee.org
169	B Broll, H Zare, A Ledeczi	Creating engaging science projects with netsblox	2017	ieeexplore.ieee.org
170	L Kim-Hung, SK Datta, C Bonnet…	An industrial IoT framework to simplify connection process using system-generated connector	2017	ieeexplore.ieee.org
171	GK Endo, I Oluwayomi, V Alexandra…	Technology for continuous long-term monitoring of pregnant women for safe childbirth	2017	ieeexplore.ieee.org
172	S Sonune, D Kalbande	IoT enabled API for secure transfer of medical data	2017	ieeexplore.ieee.org
173	RK Kodali, A Valdas	MQTT based environment monitoring in factories for employee safety	2017	ieeexplore.ieee.org
174	T Narendrakumar, AS Pillai	Smart connected campus	2017	ieeexplore.ieee.org
175	RK Kodali, S Sahu	MQTT based vehicle accident detection and alert system	2017	ieeexplore.ieee.org
176	HM Ahmed, BA Elsayed, G Ibrahim…	Solar still with two layouts integrated built-in condenser and real time monitoring system	2017	ieeexplore.ieee.org
177	V Eswara, G Srivastava…	RIOTNet: Reactive IoT Control Network	2017	ieeexplore.ieee.org
178	C Dupont, M Sheikhalishahi…	IoT, big data, and cloud platform for rural African needs	2017	ieeexplore.ieee.org
179	A Hefnawy, T Elhariri, C Cherifi, J Robert…	Combined use of lifecycle management and IoT in smart cities	2017	ieeexplore.ieee.org
180	P Pace, R Gravina, G Aloi, G Fortino…	IoT platforms interoperability for active and assisted living healthcare services support	2017	ieeexplore.ieee.org
181	R Bhattacharya, N Bandyopadhyay…	Real time Android app based respiration rate monitor	2017	ieeexplore.ieee.org
182	YH Hsu, FJ Lin	Preventing misuse of duplicate certificates in IoT/M2M systems	2017	ieeexplore.ieee.org
183	P Rajendhar, PP Kumar…	Zigbee based wireless system for remote supervision and control of a substation	2017	ieeexplore.ieee.org
184	A Staiano, F Inneguale	An RBF neural network-based system for home smart metering	2017	ieeexplore.ieee.org
185	H Han, H Kang, J Son	Intelligent operation monitoring IoT tag for factory legacy device	2017	ieeexplore.ieee.org
186	HJ Kim, JH Lee	Robot task sequencing for a flexible assembly system with 3D printers	2017	ieeexplore.ieee.org
187	R Kiruthika, A Umamakeswari	Low cost pollution control and air quality monitoring system using Raspberry Pi for Internet of Things	2017	ieeexplore.ieee.org
188	YC Pranaya, MN Himarish, MN Baig…	Cognitive architecture based smart grids for smart cities	2017	ieeexplore.ieee.org
189	MP Arakeri, BPV Kumar, S Barsaiya…	Computer vision based robotic weed control system for precision agriculture	2017	ieeexplore.ieee.org
190	DN Robu, VP Fernoaga, GA Stelea…	Tele-measurement with virtual instrumentation using web-services	2017	ieeexplore.ieee.org
191	HA Tran, QT Ngo, V Tong	A new fall detection system on android smartphone: Application to a SDN-based IoT system	2017	ieeexplore.ieee.org
192	S Sonune, D Kalbande, A Yeole…	Issues in IoT healthcare platforms: A critical study and review	2017	ieeexplore.ieee.org
193	CH Lu	Improving system extensibility via an IoT-interoperable platform for dynamic smart homes	2017	ieeexplore.ieee.org
194	KJ Madukwe, IJF Ezika…	Leveraging edge analysis for Internet of Things based healthcare solutions	2017	ieeexplore.ieee.org
195	T Lee, S Jeon, D Kang, LW Park…	Design and implementation of intelligent HVAC system based on IoT and Bigdata platform	2017	ieeexplore.ieee.org
196	SR Oh, YG Kim	Development of IoT security component for interoperability	2017	ieeexplore.ieee.org
197	H Lee, D Sin, E Park, I Hwang…	Open software platform for companion IoT devices	2017	ieeexplore.ieee.org
198	MS Uddin, JB Alam, S Banu	Real time patient monitoring system based on Internet of Things	2017	ieeexplore.ieee.org
199	O Chieochan, A Saokaew…	Internet of things (IOT) for smart solar energy: A case study of the smart farm at Maejo University	2017	ieeexplore.ieee.org
200	A González-Vidal…	Data driven modeling for energy consumption prediction in smart buildings	2017	ieeexplore.ieee.org
201	G Rocher, JY Tigli, S Lavirotte	Probabilistic Models Toward Controlling Smart-* Environments	2017	ieeexplore.ieee.org
202	J Prabaharan, A Swamy, A Sharma…	Wireless home automation and security system using MQTT protocol	2017	ieeexplore.ieee.org
203	C Pham, F Ferrero, M Diop, L Lizzi…	Low-cost antenna technology for LPWAN IoT in rural applications	2017	ieeexplore.ieee.org
204	I Hwang, YG Kim	Analysis of Security Standardization for the Internet of Things	2017	ieeexplore.ieee.org
205	M Bakhouya, Y NaitMalek…	Towards a context-driven platform using IoT and big data technologies for energy efficient buildings	2017	ieeexplore.ieee.org
206	B Das, PC Jain	Real-time water quality monitoring system using Internet of Things	2017	ieeexplore.ieee.org
207	A Berouine, F Lachhab, YN Malek…	A smart metering platform using big data and IoT technologies	2017	ieeexplore.ieee.org
208	M Weber, D Lučić, I Lovrek	Internet of Things context of the smart city	2017	ieeexplore.ieee.org
209	O Chieochan, A Saokaew…	IOT for smart farm: A case study of the Lingzhi mushroom farm at Maejo University	2017	ieeexplore.ieee.org
210	T Malche, P Maheshwary	Internet of things (IoT) for building smart home system	2017	ieeexplore.ieee.org
211	SR Oh, YG Kim	Security requirements analysis for the IoT	2017	ieeexplore.ieee.org
212	AH Ngu, M Gutierrez, V Metsis, S Nepal…	IoT middleware: A survey on issues and enabling technologies	2017	ieeexplore.ieee.org
213	B Hammi, R Khatoun, S Zeadally, A Fayad, L Khoukhi	IoT technologies for smart cities	2017	IET
214	S Jeon, I Jung	MinT: Middleware for cooperative interaction of things	2017	mdpi.com
215	R Paul, BP Joshi	Hand Gesture-Based Control of Electronic Appliances Using Internet of Things	2017	Springer
216	G Vossen, F Schönthaler, S Dillon	The Road Ahead: Living in a Digital World	2017	Springer
217	R Al-Dhubhani, R Mehmood, I Katib…	Location privacy in smart cities era	2017	Springer
218	X Liu, PS Nielsen	Air quality monitoring system and benchmarking	2017	Springer
219	D Andročec	Overcoming Service-Level Interoperability Challenges of the IoT	2017	Springer
220	M Fraefel, S Haller, A Gschwend	Big data in the public sector. Linking cities to sensors	2017	Springer
221	P Bonte, F Ongenae, F De Backere…	The MASSIF platform: a modular and semantic platform for the development of flexible IoT services	2017	Springer
222	PP Jayaraman, C Perera…	Analytics‐as‐a‐service in a multi‐cloud environment through semantically‐enabled hierarchical data processing	2017	Wiley Online Library
223	H Mano	EverySense: An end-to-end IoT market platform	2016	dl.acm.org
224	S Duttagupta, M Kumar, R Ranjan…	Performance prediction of iot application: An experimental analysis	2016	dl.acm.org
225	M Schleipen, SS Gilani, T Bischoff, J Pfrommer	Opc ua & industrie 4.0-enabling technology with high diversity and variability	2016	Elsevier
226	S Sicari, A Rizzardi, D Miorandi, C Cappiello…	Security policy enforcement for networked smart objects	2016	Elsevier
227	PP Ray	Internet of things cloud enabled MISSENARD index measurement for indoor occupants	2016	Elsevier
228	S Sicari, A Rizzardi, D Miorandi, C Cappiello…	A secure and quality-aware prototypical architecture for the Internet of Things	2016	Elsevier
229	PP Ray	A survey of IoT cloud platforms	2016	Elsevier
230	W Lei, L Xu	Research and implementation of access control model of internet of things	2016	ieeexplore.ieee.org
231	H Cha, S Lee, HJ Kim	Development and Deployment of ICT DIY Standards in Support of Internet of Things: A Qualitative Approach	2016	ieeexplore.ieee.org
232	S Oh, J Kim	Development of collaboration system for enterprise based on the IoT	2016	ieeexplore.ieee.org
233	T Lee, S Park, S Jang, S Seo…	Design and implementation of intelligent finger-aware system for user-centric service in IoT environment	2016	ieeexplore.ieee.org
234	K Anil	Open source implementation of Internet of Things as a Network of Intranet of Things	2016	ieeexplore.ieee.org
235	K Kwon, D Kim, D Kim	Oliot-Discovery Service: Dealing with Performance and Security Issues from Intra-DS Aspect for IoT	2016	ieeexplore.ieee.org
236	E Chindenga, C Gurajena…	Towards an adaptive ontology based model for interoperability in internet of things (iot)	2016	ieeexplore.ieee.org
237	HS Choi, DH Kang, NS Kim…	Cross-domain metadata environment for relative information-based service	2016	ieeexplore.ieee.org
238	WD Yoon, K Kwon, D Kim	Gs1beacon: Gs1 standard based integrated beacon service platform	2016	ieeexplore.ieee.org
239	H Han, H Bae, H Kang, J Son…	Multi agent 3D printer and robot system for mass personalization faas platform	2016	ieeexplore.ieee.org
240	H Dibowski, O Holub, J Rojíček	Ontology-based automatic setup of virtual sensors in building automation systems	2016	ieeexplore.ieee.org
241	L Ciabattoni, F Ferracuti, G Ippoliti…	IoT based indoor personal comfort levels monitoring	2016	ieeexplore.ieee.org
242	S Cha, MP Ruiz, M Wachowicz, LH Tran…	The role of an IoT platform in the design of real-time recommender systems	2016	ieeexplore.ieee.org
243	RK Kodali, A Sahu	An IoT based weather information prototype using WeMos	2016	ieeexplore.ieee.org
244	CH Lee, YH Lai	Design and implementation of a universal smart energy management gateway based on the Internet of Things platform	2016	ieeexplore.ieee.org
245	S Mehrotra, A Kobsa…	TIPPERS: A privacy cognizant IoT environment	2016	ieeexplore.ieee.org
246	RK Kodali, A Sahu	An IoT based soil moisture monitoring on Losant platform	2016	ieeexplore.ieee.org
247	A Khattab, A Abdelgawad…	Design and implementation of a cloud-based IoT scheme for precision agriculture	2016	ieeexplore.ieee.org
248	J Kim, J Yun, SC Choi, DN Seed, G Lu…	Standard-based IoT platforms interworking: implementation, experiences, and lessons learned	2016	ieeexplore.ieee.org
249	J Guth, U Breitenbücher, M Falkenthal…	Comparison of IoT platform architectures: A field study based on a reference architecture	2016	ieeexplore.ieee.org
250	P Jayaraman, A Yavari, D Georgakopoulos, A Morshed…	Internet of things platform for smart farming: Experiences and lessons learnt	2016	mdpi.com
251	MS Kim, N Kamiyama, CW Yi, WK Hong…	Managing a very connected world: A report on APNOMS2015	2016	Springer
252	A Medvedev, A Hassani, A Zaslavsky…	Data ingestion and storage performance of IoT platforms: study of OpenIoT	2016	Springer
253	D Georgakopoulos, PP Jayaraman	Internet of things: from internet scale sensing to smart services	2016	Springer
254	S Sicari, C Cappiello, F De Pellegrini…	A security-and quality-aware system architecture for Internet of Things	2016	Springer
255	J Ha, J Yoon, J Heo, Y Han, J Jung, Y Yun…	A perspective on the iot services through a multi-dimensional analysis	2015	dl.acm.org
256	J Ronkainen, A Iivari	Designing a data management pipeline for pervasive sensor communication systems	2015	Elsevier
257	G Rocher, JY Tigli, S Lavirotte…	Run-time knowledge model enrichment in SWoT: A step toward ambient services selection relevancy	2015	ieeexplore.ieee.org
258	MM Rathore, A Ahmad, A Paul	The Internet of Things based medical emergency management using Hadoop ecosystem	2015	ieeexplore.ieee.org
259	M Ptiček, V Čačković, M Pavelić…	Architecture and functionality in M2M standards	2015	ieeexplore.ieee.org
260	KR Darshan, KR Anandakumar	A comprehensive review on usage of Internet of Things (IoT) in healthcare system	2015	ieeexplore.ieee.org
261	NM Khoi, S Saguna, K Mitra…	Irehmo: an efficient iot-based remote health monitoring system for smart regions	2015	ieeexplore.ieee.org
262	J Yun, IY Ahn, NM Sung, J Kim	A device software platform for consumer electronics based on the Internet of Things	2015	ieeexplore.ieee.org
263	H Wang, Z Huang, N Zhong, J Huang…	An intelligent monitoring system for the safety of building structure under the W2T framework	2015	journals.sagepub.com
264	M Ryu, J Kim, J Yun	Integrated semantics service platform for the Internet of Things: A case study of a smart office	2015	mdpi.com
265	M Klauda, M Schaffert, A Lagospiris, G Piel…	Position of Points 2020 Paradigm Shift in E/E Architectures	2015	Springer
266	A Rizzardi, D Miorandi, S Sicari, C Cappiello…	Networked smart objects: moving data processing closer to the source	2015	Springer
267	J Soldatos, N Kefalakis, M Hauswirth…	Openiot: Open source internet-of-things in the cloud	2015	Springer
268	J Jeffords, P Kane, Y Moghaddam…	Exponentially disruptive innovation driven by service science and the Internet of Things as a Grand Challenge enabler in Education	2014	ieeexplore.ieee.org
269	DH Park, HC Bang, CS Pyo…	Semantic open IoT service platform technology	2014	ieeexplore.ieee.org
270	L Skorin-Kapov, K Pripužić…	Energy efficient and quality-driven continuous sensor management for mobile IoT applications	2014	ieeexplore.ieee.org
271	J Yun, MH Song	Detecting direction of movement using pyroelectric infrared sensors	2014	ieeexplore.ieee.org
272	J Kim, JW Lee	OpenIoT: An open service framework for the Internet of Things	2014	ieeexplore.ieee.org
273	J Swetina, G Lu, P Jacobs, F Ennesser…	Toward a standardized common M2M service layer platform: Introduction to oneM2M	2014	ieeexplore.ieee.org
274	J Kim, J Lee, J Kim, J Yun	M2M service platforms: Survey, issues, and enabling technologies	2014	ieeexplore.ieee.org
275	M Youn, J Lee	Topology control algorithm considering antenna radiation pattern in three-dimensional wireless sensor networks	2014	journals.sagepub.com
276	T Kanter, R Rahmani, Y Li, B Xiao	Vehicular network enabling large-scale and real-time immersive participation	2014	Springer
277	S Yu, J Kim, J Lee	Lifetime improvement method using mobile sink for IoT service	2013	dl.acm.org
278	J Yun, J Kim	Deployment support for sensor networks in indoor climate monitoring	2013	journals.sagepub.com
279	J Kim, J Lee	Cluster-based mobility supporting WMN for IoT networks	2012	ieeexplore.ieee.org
280	F Li, S Nastic, S Dustdar	Data quality observation in pervasive environments	2012	ieeexplore.ieee.org
281	G Rocher, JY Tigli, S Lavirotte, R Daikhi	Run-Time knowledge model enrichment in SWoT		ieeexplore.ieee.org
282	BHRKS ZEADALLY, AFL KHOUKHI	Internet of Things (IoT) Technologies for Smart Cities		IET
283	N Hajiheydari, M Talafidaryani, SH Khabiri	IoT Big Data Value Map: How to Generate Value from IoT Data	2019	dl.acm.org
284	X Wang, AK Sangaiah, M Sheng, SH Ahmed	Introduction to the Special Section on Applying Machine Learning Systems for IoT Services in Industrial Informatics	2019	Elsevier
285	L Calderoni, A Magnani, D Maio	IoT Manager: An open-source IoT framework for smart cities	2019	Elsevier
286	I Lee	The Internet of Things for Enterprises: An Ecosystem, Architecture, and IoT Service Business Model	2019	Elsevier
287	M Forcan, M Maksimović	Cloud-Fog-based approach for Smart Grid monitoring	2019	Elsevier
288	A Benayache, A Bilami, S Barkat, P Lorenz…	MsM: A microservice middleware for smart WSN-based IoT application	2019	Elsevier
289	RIS Pereira, SCS Jucá, PCM Carvalho	IoT embedded systems network and sensors signal conditioning applied to decentralized photovoltaic plants	2019	Elsevier
290	Y Hongo, K Kaneko, Y Kishita, Y Umeda	Proposal of a Workshop-based Design Method of Personalization Procedures	2019	Elsevier
291	XJ Luo, LO Oyedele, AO Ajayi, CG Monyei…	Development of an IoT-based big data platform for day-ahead prediction of building heating and cooling demands	2019	Elsevier
292	PP Ray, D Dash, D De	Edge computing for Internet of Things: A survey, e-healthcare case study and future direction	2019	Elsevier
293	H Luo, H Cai, H Yu, Y Sun, Z Bi, L Jiang	A short-term energy prediction system based on edge computing for smart city	2019	Elsevier
294	L Calderoni, A Magnani, D Maio	IoT Manager: a Case Study of the Design and Implementation of an Open Source IoT Platform	2019	ieeexplore.ieee.org
295	Y Gong, C Zhang, L Zhu	Analysis on the Development of IoT Platform in Broadcasting and TV Industry	2019	ieeexplore.ieee.org
296	M Asemani, F Abdollahei…	Understanding IoT Platforms: Towards a comprehensive definition and main characteristic description	2019	ieeexplore.ieee.org
297	W Wongthai, S Khruahong, P Srithong…	The Development of an Internet of Things Mobile Application for Tracking an Electric Bus in a Campus		ieeexplore.ieee.org
298	A Karthika, R Srinidhi, K Vasanth	Automation Of Energy Meter And Building A Network Using Iot	2019	ieeexplore.ieee.org
299	V Vallois, F Guenane…	Reference Architectures for Security-by-Design IoT: Comparative Study	2019	ieeexplore.ieee.org
300	G Larini, G Romano, M Falcitelli, S Noto…	Autonomous Driving Progressed by oneM2M: The Experience of the AUTOPILOT Project	2019	ieeexplore.ieee.org
301	F Al Rafi, A Kowanda, NS Salahuddin…	Design of Orchid Monitoring System Based on IoT	2018	ieeexplore.ieee.org
302	N Asthana, R Bahl	IoT Device For Sewage Gas Monitoring And Alert System	2019	ieeexplore.ieee.org
303	S Rachamalla, P Sindhu…	Cloud Based Home Automation: Surveillance with Mobile Phones	2018	ieeexplore.ieee.org
304	M Gokhale, R Wagh, P Chaudhari…	IOT Based E-Tracking System for Waste Management	2018	ieeexplore.ieee.org
305	YH Lin	A cloud analytics-based electrical energy management architecture empowered by edge analytics AIduino with push notifications for demand-side management	2019	ieeexplore.ieee.org
306	I Mahmood, JA Zubairi	Efficient Waste Transportation and Recycling: Enabling technologies for smart cities using the Internet of Things	2019	ieeexplore.ieee.org
307	D Sarabia-Jácome, I Lacalle, CE Palau…	Enabling Industrial Data Space Architecture for Seaport Scenario	2019	ieeexplore.ieee.org
308	AS Patade, HP Gandhi…	IOT Solutions for Hospitals	2019	ieeexplore.ieee.org
309	B Tallapragada, V Ganugapati	IoT Based Intelligent Micro Irrigation Grid with A Farmer Alert System	2018	ieeexplore.ieee.org
310	J Díaz, JE Pérez, MA Lopez-Peña, GA Mena…	Self-Service Cybersecurity Monitoring as Enabler for DevSecOps	2019	ieeexplore.ieee.org
311	O Väänänen, J Hautamäki…	Predictive pumping based on sensor data and weather forecast	2019	ieeexplore.ieee.org
312	K Vorawitsurawathana, SS Chuang…	Home Automation with Voice and Mirror Control	2018	ieeexplore.ieee.org
313	H Salman, MS Rahman, MAY Tarek…	The Design and Implementation of GPS Controlled Environment Monitoring Robotic System based on IoT and ARM	2019	ieeexplore.ieee.org
314	R Narayanamoorthi	Modeling of Capacitive Resonant Wireless Power and Data Transfer to Deep Biomedical Implants	2019	ieeexplore.ieee.org
315	A Rassa, C van Leeuwen, R Spaans…	Developing local energy markets: a holistic system approach	2019	ieeexplore.ieee.org
316	V Puri, S Jha, R Kumar, I Priyadarshini…	A Hybrid Artificial Intelligence and Internet of Things Model for Generation of Renewable Resource of Energy	2019	ieeexplore.ieee.org
317	J Min, C Kim, SY Kim, KW Kwon	A Study of Read Margin Enhancement for 3T2R Nonvolatile TCAM Using Adaptive Bias Training	2019	ieeexplore.ieee.org
318	CC Lai, ZF Akbar, CM Liu, VD Ta…	Distributed Continuous Range-Skyline Query Monitoring over the Internet of Mobile Things	2019	ieeexplore.ieee.org
319	A Berouine, E Akssas, Y Naitmalek…	A Fuzzy Logic-Based Approach for HVAC Systems Control	2019	ieeexplore.ieee.org
320	L Chao, X Peng, Z Xu, L Zhang	Ecosystem of Things: Hardware, Software, and Architecture	2019	ieeexplore.ieee.org
321	MA Sayeed, SP Mohanty, E Kougianos…	eSeiz: An Edge-Device for Accurate Seizure Detection for Smart Healthcare	2019	ieeexplore.ieee.org
322	A Parise, MA Manso-Callejo, H Cao, M Mendonca…	Indoor Occupancy Prediction using an IoT Platform	2019	ieeexplore.ieee.org
323	F Lachhab, M Bakhouya…	A context-driven platform using Internet of things and data stream processing for heating, ventilation and air conditioning systems control	2019	journals.sagepub.com
324	G Marques, R Pitarma, NM Garcia, N Pombo	Internet of Things Architectures, Technologies, Applications, Challenges, and Future Directions for Enhanced Living Environments and Healthcare Systems: A Review	2019	mdpi.com
325	L De Nardis, G Caso, MGD Benedetto	ThingsLocate: A ThingSpeak-Based Indoor Positioning Platform for Academic Research on Location-Aware Internet of Things	2019	mdpi.com
326	M Taştan, H Gökozan	Real-Time Monitoring of Indoor Air Quality with Internet of Things-Based E-Nose	2019	mdpi.com
327	EAAD Nagahage, ISP Nagahage, T Fujino	Calibration and Validation of a Low-Cost Capacitive Moisture Sensor to Integrate the Automated Soil Moisture Monitoring System	2019	mdpi.com
328	M Yamin, Y Alsaawy, AB Alkhodre, A Sen, A Ahmed	An Innovative Method for Preserving Privacy in Internet of Things	2019	mdpi.com
329	S Abba, J Wadumi Namkusong, JA Lee, M Liz Crespo	Design and Performance Evaluation of a Low-Cost Autonomous Sensor Interface for a Smart IoT-Based Irrigation Monitoring and Control System	2019	mdpi.com
330	JM Fernandez, I Vidal, F Valera	Enabling the Orchestration of IoT Slices through Edge and Cloud Microservice Platforms	2019	mdpi.com
331	YY Chen, YH Lin, CC Kung, MH Chung, I Yen	Design and Implementation of Cloud Analytics-Assisted Smart Power Meters Considering Advanced Artificial Intelligence as Edge Analytics in Demand-Side …	2019	mdpi.com
332	DH Park, ST Oh, JH Lim	Development of UVB LED Lighting System Based on UV Dose Calculation Algorithm to Meet Individual Daily UV Dose	2019	mdpi.com
333	I Sarkar, B Pal, A Datta, S Roy	Wi-Fi-Based Portable Weather Station for Monitoring Temperature, Relative Humidity, Pressure, Precipitation, Wind	2019	Springer
334	I Marcu, C Voicu, AMC Drăgulinescu, O Fratu…	Overview of IoT basic platforms for precision agriculture	2019	Springer
335	M Kim, J Lee, J Jeong	Open Source Based Industrial IoT Platforms for Smart Factory: Concept, Comparison and Challenges	2019	Springer
336	R Venkataswamy, R Paul, J Jogy	Internet of Things Based Autonomous Borewell Management System	2019	Springer
337	P Azad, NJ Navimipour, AM Rahmani, A Sharifi	The role of structured and unstructured data managing mechanisms in the Internet of things		Springer
338	S Schefer-Wenzl, I Miladinovic, A Ensor	A Survey of Mobile Learning Approaches for Teaching Internet of Things	2018	Springer
339	S Mishra, S Jain, C Rai, N Gandhi	Security Challenges in Semantic Web of Things	2018	Springer
340	W Kim, H Ko, H Yun, J Sung, S Kim, J Nam	A generic Internet of things (IoT) platform supporting plug-and-play device management based on the semantic web	2019	Springer
341	AR Shreyas, S Sharma, H Shivani…	IoT-Enabled Medicine Bottle	2019	Springer
342	Y Yamato	Study of parallel processing area extraction and data transfer number reduction for automatic GPU offloading of IoT applications	2019	Springer
343	F Daneshgar, OA Sianaki, A Ilyas	Overcoming Data Security Challenges of Cloud of Things: An Architectural Perspective	2019	Springer
344	N Dipsis, K Stathis	A RESTful middleware for AI controlled sensors, actuators and smart devices	2019	Springer
345	S Neogi, Y Galphat, P Narkar, H Punjabi…	IoT Based Air Quality Monitoring Systems-A Survey	2018	Springer
346	A Kovtunenko, M Timirov, A Bilyalov	Multi-agent approach to computational resource allocation in edge computing	2019	Springer
347	M Sharma, G Singh	Need and Design of Smart and Secure Energy-Efficient IoT-Based Healthcare Framework	2019	Springer
348	E Badidi	A Fog Node Architecture for Real-Time Processing of Urban IoT Data Streams	2019	Springer
349	T Malche, P Maheshwary, R Kumar	Environmental Monitoring System for Smart City Based on Secure Internet of Things (IoT) Architecture	2019	Springer
350	A Belfkih, C Duvallet, B Sadeg	A survey on wireless sensor network databases	2019	Springer
351	U Drakulić, E Mujčić	Remote Monitoring and Control System for Greenhouse Based on IoT	2019	Springer
352	KE Lakshmiprabha…	Hydroponic‐based smart irrigation system using Internet of Things	2019	Wiley Online Library
353	S Sayed, T Hussain, A Gastli…	Design and realization of an open‐source and modular smart meter	2019	Wiley Online Library